date,day_of_week,month,emergency_admissions,general_admissions,icu_admissions,discharges,general_bed_occupancy,icu_occupancy,doctors_available,nurses_available,diagnostic_utilization
2025-10-07,1,10,10,16,4,22,67,13,24,73,61
2025-10-08,2,10,10,27,3,32,75,12,25,82,76
2025-10-09,3,10,18,24,5,35,77,13,25,75,75
2025-10-10,4,10,6,24,3,28,78,14,25,80,65
2025-10-11,5,10,1,13,3,12,75,15,25,77,50
2025-10-12,6,10,9,22,3,27,74,15,25,81,70
2025-10-13,0,10,9,26,4,31,74,17,24,76,79
2025-10-14,1,10,11,26,4,31,73,17,23,77,64
2025-10-15,2,10,13,20,3,27,71,17,24,74,65
2025-10-16,3,10,10,25,4,32,74,17,25,79,69
2025-10-17,4,10,13,24,2,31,73,17,25,81,60
2025-10-18,5,10,9,22,3,30,78,16,25,81,65
2025-10-19,6,10,13,13,3,22,74,16,23,77,59
2025-10-20,0,10,7,19,3,23,72,17,25,81,63
2025-10-21,1,10,9,17,2,22,70,17,25,80,62
2025-10-22,2,10,8,16,3,23,70,16,26,81,56
2025-10-23,3,10,14,19,3,28,71,17,25,80,72
2025-10-24,4,10,9,26,3,29,73,18,24,81,76
2025-10-25,5,10,12,27,4,37,79,18,24,77,68
2025-10-26,6,10,15,16,6,31,81,19,24,78,56
2025-10-27,0,10,17,14,5,30,81,19,24,75,57
2025-10-28,1,10,11,24,3,30,81,19,25,81,74
2025-10-29,2,10,16,13,5,26,77,20,27,82,63
2025-10-30,3,10,8,18,3,22,75,18,22,71,63
2025-10-31,4,10,10,14,5,23,74,18,24,80,60
2025-11-01,5,11,5,13,3,16,74,17,23,73,64
2025-11-02,6,11,10,17,4,24,71,18,25,79,64
2025-11-03,0,11,11,26,5,33,75,19,22,69,81
2025-11-04,1,11,14,15,5,27,72,19,24,77,63
2025-11-05,2,11,9,14,3,22,70,19,23,73,56
2025-11-06,3,11,13,16,4,26,71,18,24,77,67
2025-11-07,4,11,9,21,3,27,71,18,25,79,70
2025-11-08,5,11,21,14,6,33,72,19,25,77,61
2025-11-09,6,11,6,22,3,23,74,18,25,77,66
2025-11-10,0,11,16,20,5,30,75,18,25,77,68
2025-11-11,1,11,17,18,5,32,77,18,24,81,70
2025-11-12,2,11,11,14,4,21,75,18,24,80,64
2025-11-13,3,11,18,27,5,39,79,18,25,80,84
2025-11-14,4,11,13,17,4,29,81,17,25,75,71
2025-11-15,5,11,6,12,3,15,80,18,22,69,55
2025-11-16,6,11,9,16,4,22,77,16,25,81,57
2025-11-17,0,11,13,24,4,31,79,16,24,79,72
2025-11-18,1,11,12,22,4,33,81,16,25,81,65
2025-11-19,2,11,15,13,5,25,76,17,26,81,60
2025-11-20,3,11,10,19,3,26,76,17,25,81,71
2025-11-21,4,11,7,19,3,23,76,18,25,79,62
2025-11-22,5,11,10,15,4,23,75,18,24,76,58
2025-11-23,6,11,5,9,3,13,69,18,23,77,50
2025-11-24,0,11,15,25,4,33,70,18,21,68,75
2025-11-25,1,11,16,11,4,25,67,19,25,78,64
2025-11-26,2,11,13,13,5,25,69,19,24,76,65
2025-11-27,3,11,14,23,4,32,72,19,25,77,70
2025-11-28,4,11,12,20,4,27,73,20,23,73,62
2025-11-29,5,11,11,24,3,35,73,20,25,80,62
2025-11-30,6,11,9,20,3,28,75,20,24,74,67
2025-12-01,0,12,5,23,2,24,76,20,24,78,74
2025-12-02,1,12,13,20,4,32,74,19,26,77,67
2025-12-03,2,12,12,22,3,30,72,20,25,79,62
2025-12-04,3,12,12,23,3,31,71,19,23,81,70
2025-12-05,4,12,14,16,4,27,71,20,25,79,69
2025-12-06,5,12,12,16,3,24,70,20,24,77,70
2025-12-07,6,12,10,13,2,19,65,18,23,70,59
2025-12-08,0,12,14,14,4,24,62,18,23,79,66
2025-12-09,1,12,15,23,4,31,62,18,25,77,74
2025-12-10,2,12,10,28,4,36,68,18,25,81,80
2025-12-11,3,12,16,21,3,36,72,18,24,76,71
2025-12-12,4,12,10,17,4,25,69,20,25,78,68
2025-12-13,5,12,10,14,3,22,68,20,23,76,62
2025-12-14,6,12,10,22,4,29,71,20,25,76,69
2025-12-15,0,12,11,19,3,29,68,20,22,75,67
2025-12-16,1,12,9,16,2,23,65,20,24,78,53
2025-12-17,2,12,10,30,4,35,71,19,24,77,78
2025-12-18,3,12,17,23,6,35,76,20,23,77,78
2025-12-19,4,12,9,21,3,27,79,20,24,80,70
2025-12-20,5,12,13,20,3,31,78,20,22,71,68
2025-12-21,6,12,12,16,5,27,75,20,24,80,64
2025-12-22,0,12,14,17,4,30,74,20,25,80,62
2025-12-23,1,12,6,25,2,27,74,19,25,81,67
2025-12-24,2,12,16,10,3,24,71,20,22,68,59
2025-12-25,3,12,12,17,4,26,68,20,23,74,72
2025-12-26,4,12,13,19,4,31,68,20,25,77,61
2025-12-27,5,12,11,15,4,24,70,20,23,72,62
2025-12-28,6,12,10,23,2,29,72,19,24,74,74
2025-12-29,0,12,10,18,5,27,68,20,25,80,59
2025-12-30,1,12,14,26,5,39,71,20,23,75,71
2025-12-31,2,12,8,17,2,21,73,20,25,80,58
2026-01-01,3,1,11,22,5,28,72,20,24,76,67
2026-01-02,4,1,12,18,6,25,72,20,25,80,64
2026-01-03,5,1,11,18,4,25,71,20,22,72,62
2026-01-04,6,1,17,23,5,39,74,20,26,78,74
2026-01-05,0,1,6,31,3,33,77,20,24,74,67
2026-01-06,1,1,22,22,5,38,77,20,25,81,73
2026-01-07,2,1,11,13,2,20,75,20,23,78,59
2026-01-08,3,1,13,26,5,37,74,20,23,73,76
2026-01-09,4,1,10,25,5,31,78,20,24,77,68
2026-01-10,5,1,6,10,3,16,75,20,25,80,49
2026-01-11,6,1,11,22,4,28,77,20,23,76,66
2026-01-12,0,1,20,14,5,29,77,20,23,70,76
2026-01-13,1,1,21,12,6,31,79,20,24,78,71
2026-01-14,2,1,15,29,4,42,79,20,21,69,76
2026-01-15,3,1,9,25,3,30,81,20,24,81,62
2026-01-16,4,1,8,24,3,26,77,18,24,78,67
2026-01-17,5,1,13,20,4,28,78,19,22,76,70
2026-01-18,6,1,7,16,2,20,75,19,23,71,63
2026-01-19,0,1,7,17,3,20,74,20,24,78,58
2026-01-20,1,1,21,24,5,39,78,20,23,75,78
2026-01-21,2,1,19,23,6,37,81,20,24,77,81
2026-01-22,3,1,15,26,5,39,79,20,24,79,73
2026-01-23,4,1,9,21,3,27,78,19,23,78,69
2026-01-24,5,1,15,17,4,29,79,20,23,78,61
2026-01-25,6,1,14,17,3,26,76,19,25,78,66
2026-01-26,0,1,19,24,5,37,78,20,25,81,72
2026-01-27,1,1,16,15,5,26,76,20,24,77,64
2026-01-28,2,1,17,25,5,41,79,20,23,77,80
2026-01-29,3,1,12,24,4,32,80,20,23,74,62
2026-01-30,4,1,10,23,4,32,82,19,25,83,76
2026-01-31,5,1,10,19,4,24,81,19,25,77,64
2026-02-01,6,2,9,15,3,21,79,19,25,80,54
2026-02-02,0,2,12,20,3,27,79,19,24,78,59
2026-02-03,1,2,14,21,4,34,82,20,23,74,69
2026-02-04,2,2,16,28,5,41,81,20,22,70,74
2026-02-05,3,2,10,22,3,28,83,20,24,77,71
2026-02-06,4,2,13,28,4,34,82,20,23,74,72
2026-02-07,5,2,7,12,3,16,77,20,23,75,57
2026-02-08,6,2,13,27,2,35,82,19,24,75,80
2026-02-09,0,2,17,19,4,31,84,19,26,80,73
2026-02-10,1,2,15,24,3,38,83,19,25,83,76
2026-02-11,2,2,15,27,4,40,85,19,21,70,80
2026-02-12,3,2,10,28,5,35,85,20,25,80,75
2026-02-13,4,2,12,19,4,29,80,20,23,73,63
2026-02-14,5,2,14,20,5,32,78,20,23,75,71
2026-02-15,6,2,16,19,3,31,79,19,25,75,81
2026-02-16,0,2,13,21,3,34,78,18,24,80,75
2026-02-17,1,2,17,27,5,43,80,19,22,71,76
2026-02-18,2,2,14,34,2,43,85,19,23,73,85
2026-02-19,3,2,20,26,4,42,86,19,24,80,83
2026-02-20,4,2,12,30,5,35,89,20,25,79,78
2026-02-21,5,2,15,24,4,38,93,19,24,78,71
2026-02-22,6,2,9,18,2,23,93,19,26,79,69
2026-02-23,0,2,6,34,1,37,96,18,24,78,68
2026-02-24,1,2,6,23,3,25,96,17,22,72,54
2026-02-25,2,2,10,27,4,33,96,18,26,80,72
2026-02-26,3,2,17,22,4,38,96,18,21,68,71
2026-02-27,4,2,11,20,5,31,96,20,25,76,64
2026-02-28,5,2,16,25,5,36,96,20,24,83,75
2026-03-01,6,3,8,22,5,25,96,20,23,72,71
2026-03-02,0,3,17,26,5,36,96,20,25,80,70
2026-03-03,1,3,18,28,4,39,96,20,23,76,81
2026-03-04,2,3,14,19,3,28,91,20,25,75,73
2026-03-05,3,3,13,20,6,29,91,20,24,76,69
2026-03-06,4,3,3,25,2,24,87,19,24,75,56
2026-03-07,5,3,15,26,5,37,88,19,24,77,85
2026-03-08,6,3,12,23,6,33,89,20,24,77,71
2026-03-09,0,3,11,23,4,31,89,20,24,75,64
2026-03-10,1,3,14,21,5,32,90,20,25,81,60
2026-03-11,2,3,15,20,4,29,92,20,25,80,72
2026-03-12,3,3,18,25,5,38,96,20,21,68,76
2026-03-13,4,3,20,27,5,40,94,19,23,72,85
2026-03-14,5,3,14,22,4,33,91,19,24,82,69
2026-03-15,6,3,12,27,5,33,93,20,26,80,76
2026-03-16,0,3,10,27,3,32,91,20,25,81,68
2026-03-17,1,3,12,25,4,36,89,20,25,81,74
2026-03-18,2,3,10,25,3,33,90,19,24,79,69
2026-03-19,3,3,13,20,3,29,88,19,25,76,68
2026-03-20,4,3,21,23,7,37,90,20,26,79,89
2026-03-21,5,3,11,17,5,25,87,20,25,84,67
2026-03-22,6,3,12,15,5,23,82,20,24,73,69
2026-03-23,0,3,22,19,6,38,82,20,24,78,81
2026-03-24,1,3,16,25,6,40,80,20,24,76,80
2026-03-25,2,3,14,20,5,29,82,20,25,79,70
2026-03-26,3,3,15,24,5,34,84,20,24,73,74
2026-03-27,4,3,20,21,4,35,85,20,26,79,80
2026-03-28,5,3,12,20,4,31,86,20,25,80,64
2026-03-29,6,3,9,20,3,25,87,20,20,68,72
2026-03-30,0,3,16,22,4,37,86,19,25,82,71
2026-03-31,1,3,25,17,7,36,87,20,23,73,79
2026-04-01,2,4,17,28,5,41,90,20,25,80,77
2026-04-02,3,4,17,29,5,41,94,19,25,81,74
2026-04-03,4,4,17,22,6,34,95,20,24,79,75
2026-04-04,5,4,9,23,3,29,95,18,24,77,65
2026-04-05,6,4,8,22,4,29,95,19,25,80,63
2026-04-06,0,4,16,25,4,39,96,20,25,81,76
2026-04-07,1,4,16,26,5,35,96,19,24,75,76
2026-04-08,2,4,18,33,3,48,96,19,24,78,80
2026-04-09,3,4,22,21,7,35,96,20,24,77,79
2026-04-10,4,4,11,27,6,34,96,20,23,77,70
2026-04-11,5,4,16,13,4,24,95,20,24,79,72
2026-04-12,6,4,7,21,3,26,93,20,24,75,62
2026-04-13,0,4,12,35,4,42,96,20,26,79,81
2026-04-14,1,4,14,25,6,38,94,20,23,77,73
2026-04-15,2,4,11,15,3,23,91,20,24,74,55
2026-04-16,3,4,15,14,4,27,90,20,22,70,65
2026-04-17,4,4,14,30,3,41,95,20,25,79,84
2026-04-18,5,4,19,19,5,37,94,20,23,80,76
2026-04-19,6,4,8,31,4,34,95,20,23,80,77
2026-04-20,0,4,20,29,5,44,96,20,24,75,92
2026-04-21,1,4,7,19,3,21,90,20,25,80,71
2026-04-22,2,4,9,23,3,29,88,19,25,80,70
2026-04-23,3,4,13,27,4,36,93,20,25,79,67
2026-04-24,4,4,12,27,5,32,96,20,25,80,72
2026-04-25,5,4,14,25,4,34,95,20,23,77,68
2026-04-26,6,4,15,29,4,39,96,20,24,77,72
2026-04-27,0,4,10,29,2,38,96,18,26,79,83
2026-04-28,1,4,21,30,5,49,96,18,24,74,92
2026-04-29,2,4,20,34,5,53,96,18,24,76,82
2026-04-30,3,4,17,25,5,41,96,19,26,80,82
2026-05-01,4,5,18,26,4,40,96,19,25,78,76
2026-05-02,5,5,13,22,3,31,96,19,25,83,73
2026-05-03,6,5,13,20,3,27,93,18,25,80,70
2026-05-04,0,5,19,18,4,32,92,18,24,81,75
2026-05-05,1,5,12,35,4,39,95,18,25,81,73
2026-05-06,2,5,17,24,5,39,96,19,26,81,76
2026-05-07,3,5,9,21,3,28,95,20,22,65,64
2026-05-08,4,5,18,26,4,38,96,19,25,81,81
2026-05-09,5,5,19,15,5,32,93,18,24,74,74
2026-05-10,6,5,10,24,4,30,96,18,25,82,69
2026-05-11,0,5,9,30,4,36,96,18,24,75,75
2026-05-12,1,5,11,31,3,35,96,18,26,81,72
2026-05-13,2,5,18,23,5,39,96,18,24,74,86
2026-05-14,3,5,5,23,4,27,95,18,25,79,65
2026-05-15,4,5,14,25,3,38,95,18,25,80,77
2026-05-16,5,5,10,22,3,30,89,18,24,78,65
2026-05-17,6,5,11,21,3,29,85,18,24,77,54
2026-05-18,0,5,18,22,4,39,88,19,22,75,74
2026-05-19,1,5,14,35,5,47,91,20,23,76,87
2026-05-20,2,5,17,28,4,38,95,19,23,77,81
2026-05-21,3,5,18,24,4,38,96,20,26,79,72
2026-05-22,4,5,24,20,5,40,95,19,25,81,85
2026-05-23,5,5,8,18,3,22,89,19,25,81,63
2026-05-24,6,5,17,18,7,34,84,19,24,80,63
2026-05-25,0,5,8,22,3,25,86,20,22,73,69
2026-05-26,1,5,14,23,5,32,87,20,25,81,77
2026-05-27,2,5,9,29,2,35,91,20,24,71,69
2026-05-28,3,5,11,27,4,33,91,20,25,77,67
2026-05-29,4,5,14,17,5,26,90,20,24,80,69
2026-05-30,5,5,13,22,5,31,89,20,25,81,74
2026-05-31,6,5,15,21,5,31,87,20,26,82,70
2026-06-01,0,6,15,25,4,36,87,20,24,81,87
2026-06-02,1,6,16,21,5,36,88,20,25,80,69
2026-06-03,2,6,14,29,5,37,92,20,25,78,81
2026-06-04,3,6,22,18,6,38,90,20,25,78,80
2026-06-05,4,6,16,30,5,43,96,20,25,83,86
2026-06-06,5,6,11,21,3,31,96,19,23,77,67
2026-06-07,6,6,16,12,4,25,95,20,24,76,66
2026-06-08,0,6,8,20,3,26,93,19,25,79,62
2026-06-09,1,6,11,20,4,27,89,20,24,76,61
2026-06-10,2,6,11,17,4,27,85,19,24,80,65
2026-06-11,3,6,16,17,5,29,83,20,23,72,76
2026-06-12,4,6,13,25,2,32,81,20,24,78,72
2026-06-13,5,6,18,29,5,40,85,19,25,81,80
2026-06-14,6,6,9,23,4,29,85,19,25,77,71
2026-06-15,0,6,9,29,4,37,86,19,24,78,69
2026-06-16,1,6,13,23,3,34,87,20,24,74,70
2026-06-17,2,6,16,18,5,33,80,19,24,75,69
2026-06-18,3,6,15,30,5,39,86,20,22,70,78
2026-06-19,4,6,19,28,4,44,88,20,25,78,84
2026-06-20,5,6,11,15,4,24,87,19,23,75,65
2026-06-21,6,6,12,20,4,29,92,19,25,80,67
2026-06-22,0,6,11,12,4,22,90,19,25,79,60
2026-06-23,1,6,12,28,5,38,93,19,25,77,77
2026-06-24,2,6,17,35,5,51,96,19,24,79,84
2026-06-25,3,6,11,16,3,22,94,20,25,74,62
2026-06-26,4,6,18,32,5,46,96,19,24,79,80
2026-06-27,5,6,9,15,2,23,94,19,24,76,71
2026-06-28,6,6,7,20,2,25,92,19,22,75,64
2026-06-29,0,6,11,28,4,32,92,20,25,77,75
2026-06-30,1,6,17,24,5,38,96,20,25,79,80
2026-07-01,2,7,14,22,4,31,96,19,22,68,74
2026-07-02,3,7,16,27,3,36,96,18,23,73,88
2026-07-03,4,7,22,29,6,47,96,20,23,80,86
2026-07-04,5,7,8,17,3,24,94,20,25,79,56
2026-07-05,6,7,9,11,3,19,92,19,23,73,57
2026-07-06,0,7,13,29,5,41,92,20,26,80,73
2026-07-07,1,7,13,25,5,38,94,20,23,74,69
2026-07-08,2,7,8,25,2,29,92,20,24,79,75
2026-07-09,3,7,20,29,4,44,93,20,24,74,93
2026-07-10,4,7,14,34,4,44,96,19,23,75,94
2026-07-11,5,7,11,23,4,32,96,19,23,75,68
2026-07-12,6,7,14,26,4,37,95,20,24,81,75
2026-07-13,0,7,18,33,5,49,96,20,23,73,80
2026-07-14,1,7,11,25,5,31,96,20,25,79,74
2026-07-15,2,7,13,21,5,31,96,20,25,76,67
2026-07-16,3,7,9,29,4,33,92,18,24,78,65
2026-07-17,4,7,17,23,4,37,91,18,26,80,77
2026-07-18,5,7,10,15,3,23,91,19,26,78,55
2026-07-19,6,7,10,17,4,26,89,19,26,81,66
2026-07-20,0,7,10,23,3,32,88,18,26,81,67
2026-07-21,1,7,12,25,4,34,90,17,24,79,67
2026-07-22,2,7,23,22,5,41,90,19,24,78,82
2026-07-23,3,7,15,34,5,47,94,20,24,75,88
2026-07-24,4,7,16,28,5,38,95,20,25,79,74
2026-07-25,5,7,28,13,7,39,96,20,26,78,79
2026-07-26,6,7,12,19,5,26,94,19,25,80,68
2026-07-27,0,7,14,22,4,31,91,20,23,74,71
2026-07-28,1,7,12,19,4,28,90,20,24,75,66
2026-07-29,2,7,17,18,4,30,89,20,24,74,68
2026-07-30,3,7,9,35,3,44,92,20,26,79,78
2026-07-31,4,7,18,24,4,40,92,20,24,74,67
2026-08-01,5,8,9,16,4,22,89,20,25,81,59
2026-08-02,6,8,16,20,5,30,89,20,23,77,74
2026-08-03,0,8,9,22,3,27,86,20,26,82,73
2026-08-04,1,8,11,22,3,28,88,19,25,76,61
2026-08-05,2,8,13,24,5,34,86,19,26,79,78
2026-08-06,3,8,6,20,3,24,82,20,25,78,64
2026-08-07,4,8,8,34,2,37,79,19,23,73,85
2026-08-08,5,8,16,13,5,26,74,20,22,68,71
2026-08-09,6,8,10,14,1,24,69,19,23,75,57
2026-08-10,0,8,16,20,5,33,68,20,23,74,70
2026-08-11,1,8,17,23,5,39,69,20,25,82,78
2026-08-12,2,8,9,13,4,22,66,20,23,77,51
2026-08-13,3,8,10,26,3,35,67,19,25,80,74
2026-08-14,4,8,12,27,5,36,69,18,24,75,69
2026-08-15,5,8,16,22,4,33,70,19,24,77,76
2026-08-16,6,8,8,14,2,21,66,19,24,71,56
2026-08-17,0,8,11,21,4,31,70,20,23,72,67
2026-08-18,1,8,13,27,3,34,71,19,25,79,81
2026-08-19,2,8,13,15,4,23,72,20,25,81,67
2026-08-20,3,8,8,19,3,24,71,19,23,76,58
2026-08-21,4,8,17,23,4,34,71,19,23,78,74
2026-08-22,5,8,5,17,3,20,71,19,22,73,62
2026-08-23,6,8,9,17,3,25,72,19,24,76,54
2026-08-24,0,8,9,24,3,31,75,18,22,72,73
2026-08-25,1,8,15,24,5,34,78,19,23,73,77
2026-08-26,2,8,6,27,3,32,75,20,24,82,58
2026-08-27,3,8,18,26,6,39,78,20,23,77,80
2026-08-28,4,8,15,16,4,26,78,20,22,75,60
2026-08-29,5,8,7,14,3,19,72,19,23,74,54
2026-08-30,6,8,12,22,3,33,71,19,23,71,67
2026-08-31,0,8,10,15,4,23,70,20,25,79,67
2026-09-01,1,9,16,21,5,35,70,19,26,81,69
2026-09-02,2,9,12,14,4,25,70,19,26,81,59
2026-09-03,3,9,15,22,5,35,71,20,25,79,66
2026-09-04,4,9,21,18,5,37,72,20,24,81,70
2026-09-05,5,9,9,16,4,24,73,20,23,75,61
2026-09-06,6,9,12,22,3,32,74,20,24,77,76
2026-09-07,0,9,16,24,3,36,75,20,25,74,71
2026-09-08,1,9,8,16,3,20,70,19,25,80,59
2026-09-09,2,9,10,22,2,28,68,20,25,80,75
2026-09-10,3,9,11,25,4,30,67,20,23,76,66
2026-09-11,4,9,13,19,5,29,70,20,24,76,67
2026-09-12,5,9,11,13,2,23,64,20,22,73,50
2026-09-13,6,9,7,13,2,17,60,18,25,79,55
2026-09-14,0,9,12,22,2,31,59,18,21,67,74
2026-09-15,1,9,12,24,4,33,61,18,23,77,64
2026-09-16,2,9,6,19,4,21,60,18,23,75,58
2026-09-17,3,9,12,16,3,27,63,18,24,77,67
2026-09-18,4,9,13,24,2,32,65,19,25,81,60
2026-09-19,5,9,12,21,3,30,68,18,22,67,61
2026-09-20,6,9,12,12,4,23,66,18,22,72,70
2026-09-21,0,9,14,16,3,30,66,18,24,77,75
2026-09-22,1,9,11,20,5,28,65,18,23,77,63
2026-09-23,2,9,10,16,4,22,62,18,25,81,65
2026-09-24,3,9,7,23,5,27,61,18,25,83,62
2026-09-25,4,9,17,18,5,29,63,19,21,74,66
2026-09-26,5,9,9,23,4,30,60,18,24,77,71
2026-09-27,6,9,15,15,5,27,57,18,23,78,60
2026-09-28,0,9,10,23,3,32,57,18,25,78,66
2026-09-29,1,9,16,16,5,29,58,19,25,81,62
2026-09-30,2,9,12,25,3,31,60,18,25,79,70
2026-10-01,3,10,12,25,4,34,62,19,24,78,77
2026-10-02,4,10,12,26,3,33,65,20,25,81,68
2026-10-03,5,10,8,16,4,20,63,20,21,72,57
2026-10-04,6,10,9,17,4,24,62,18,24,71,59
2026-10-05,0,10,13,13,5,24,61,19,26,80,61
2026-10-06,1,10,16,28,4,40,68,20,23,77,84
